<?xml version="1.0" encoding="UTF-8"?> <!-- Custom.smashing.leiadefault2185.xml for conf1080 -->
<window type="dialog" id="2185">	<!--  -->
	<defaultcontrol always="true">450</defaultcontrol>
		<onload>XBMC.Action(FirstPage)</onload><!-- <onload>SetFocus(450,0)</onload><!-- jump to the top of the list - alternative is <onclick>SetFocus(0)</onclick> as first action -->
	<coordinates>
		<left>0</left>
		<top>0</top>
	</coordinates>
	<controls>
		<control type="group">
			<depth>DepthSideBlade</depth>
			<animation effect="slide" start="600,0" end="0,0" time="300" tween="quadratic" easing="out">WindowOpen</animation>
			<animation effect="slide" start="0,0" end="600,0" time="300" tween="quadratic" easing="out">WindowClose</animation>
			<control type="image">
				<left>500r</left>		<!-- was 600r -->
				<top>0</top>
				<width>630</width>
				<height>1080</height>    <!--Background colour - shorten and bottom becomes transparent  -->
				<texture border="22,0,0,0" flipx="true">smashingHomeBladeSub.png</texture>
			</control>
			<control type="image">
				<left>425r</left>		<!-- was 555r -->
				<top>0</top>			<!-- default 45 - lost mouse button -->
				<width>300</width>
				<height>250</height>	<!-- default 300 -->
				<aspectratio align="center">keep</aspectratio>
				<fadetime>IconCrossfadeTime</fadetime>
				<texture>special://masterprofile/smashing/smashingfavourites/icons/leiadefault.png</texture>		<!-- put icon here --> <!--  <texture>$INFO[Container(450).ListItem.Icon]</texture> if separate icons -->
				<bordertexture border="12">smashingThumbShadow.png</bordertexture>
				<bordersize>12</bordersize>
			</control>
			<control type="list" id="450">
				<left>485r</left>	<!-- was 585r -->
				<top>250</top>		<!-- Default 375 - reduce and list moves up-->
				<width>575</width>	<!-- was 675 -->
				<height>700</height>	<!-- Default is 570 - reduce and  see less entries, increase see more-->
				<onup>450</onup>
				<onleft>Dialog.Close(2185)</onleft>
				<onright>450</onright>
				<ondown>450</ondown>
				<pagecontrol></pagecontrol>
				<scrolltime>200</scrolltime>
				<itemlayout height="60">
					<control type="image">
						<left>0</left>
						<top>0</top>
						<width>555</width>
						<height>60</height>
						<texture border="8">smashingbutton-nofocus.png</texture>
					</control>
					<control type="label">
						<left>15</left>
						<top>0</top>
						<width>525</width>
						<height>60</height>
						<font>font12_title</font>
						<align>left</align>
						<aligny>center</aligny>
						<selectedcolor>selected</selectedcolor>
						<info>ListItem.Label</info>
					</control>
				</itemlayout>
				<focusedlayout height="60">
					<control type="image">
						<left>0</left>
						<top>0</top>
						<width>555</width>
						<height>60</height>
						<visible>!Control.HasFocus(450)</visible>
						<texture border="4">smashingbutton-nofocus.png</texture>
					</control>
					<control type="image">
						<left>0</left>
						<top>0</top>
						<width>555</width>
						<height>60</height>
						<visible>Control.HasFocus(450)</visible>
						<texture border="4">smashingbutton-focus.png</texture>
					</control>
					<control type="label">
						<left>15</left>
						<top>0</top>
						<width>525</width>
						<height>60</height>
						<font>font12_title</font>
						<align>left</align>
						<aligny>center</aligny>
						<selectedcolor>selected</selectedcolor>
						<info>ListItem.Label</info>
					</control>
				</focusedlayout>
				<content>
					<item id="1">
						<label>Previous Menu</label>
                        <onclick>RunScript(special://userdata/smashing/smashingfavourites/scripts/automatedscripts/opendialog.py, back)</onclick>
                        <visible>true</visible>
					</item>
					<item id="2">
						<label>Choose More</label>
                        <onclick>Dialog.Close(2185)</onclick>
                        <onclick>RunScript(special://userdata/smashing/smashingfavourites/scripts/automatedscripts/opendialog.py, 2154)</onclick>
                        <visible>true</visible>
					</item>
					<item id="3">
						<label>restart kodi</label>
                        <onclick>Dialog.Close(2185)</onclick>
                        <onclick>RunScript(special://masterprofile/smashing/smashingfavourites/scripts/utilityscripts/restart.py)</onclick>
                        <visible>true</visible>
					</item>
					<item id="4">
						<label>Select a new skin</label>
                        <onclick>Dialog.Close(2185)</onclick>
                        <onclick>RunScript(special://masterprofile/smashing/smashingfavourites/scripts/skinscripts/switchskin.py, choose)</onclick>
                        <visible>true</visible>
					</item>
					<item id="5">
						<label>Switch to previous skin</label>
                        <onclick>Dialog.Close(2185)</onclick>
                        <onclick>RunScript(special://masterprofile/smashing/smashingfavourites/scripts/skinscripts/switchskin.py, previous skin)</onclick>
                        <visible>true</visible>
					</item>
					<item id="6">
						<label>Switch to Xonfluence</label>
                        <onclick>Dialog.Close(2185)</onclick>
                        <onclick>RunScript(special://masterprofile/smashing/smashingfavourites/scripts/skinscripts/switchskin.py, skin.xonfluence, gray, gray)</onclick>
                        <visible>true</visible>
					</item>
					<item id="7">
						<label>Switch to Confluence</label>
                        <onclick>Dialog.Close(2185)</onclick>
                        <onclick>RunScript(special://masterprofile/smashing/smashingfavourites/scripts/skinscripts/switchskin.py, skin.confluence)</onclick>
                        <visible>true</visible>
					</item>
					<item id="8">
						<label>Switch to Estuary</label>
                        <onclick>Dialog.Close(2185)</onclick>
                        <onclick>RunScript(special://masterprofile/smashing/smashingfavourites/scripts/skinscripts/switchskin.py, skin.estuary)</onclick>
                        <visible>true</visible>
					</item>
					<item id="9">
						<label>Update local addons</label>
                        <onclick>Dialog.Close(2185)</onclick>
                        <onclick>RunScript(special://masterprofile/smashing/smashingfavourites/scripts/utilityscripts/updatelocaladdons.py)</onclick>
                        <visible>true</visible>
					</item>
					<item id="10">
						<label>Enable addons</label>
                        <onclick>Dialog.Close(2185)</onclick>
                        <onclick>RunScript(special://masterprofile/smashing/smashingfavourites/scripts/utilityscripts/enableaddons.py)</onclick>
                        <visible>true</visible>
					</item>
					<item id="11">
						<label>Enable an addon</label>
                        <onclick>Dialog.Close(2185)</onclick>
                        <onclick>RunScript(special://masterprofile/smashing/smashingfavourites/scripts/utilityscripts/enableanaddon.py)</onclick>
                        <visible>true</visible>
					</item>
					<item id="12">
						<label>Disable an addon</label>
                        <onclick>Dialog.Close(2185)</onclick>
                        <onclick>RunScript(special://masterprofile/smashing/smashingfavourites/scripts/utilityscripts/enableanaddon.py, disable)</onclick>
                        <visible>true</visible>
					</item>
					<item id="13">
						<label>reload keymaps</label>
                        <onclick>Dialog.Close(2185)</onclick>
                        <onclick>RunScript(special://masterprofile/smashing/smashingfavourites/scripts/keymaps/reloadkeymaps.py)</onclick>
                        <visible>true</visible>
					</item>
					<item id="14">
						<label>add custom skins</label>
                        <onclick>Dialog.Close(2185)</onclick>
                        <onclick>RunScript(special://masterprofile/smashing/smashingfavourites/scripts/skinedits/addcustomskindialogs.py)</onclick>
                        <visible>true</visible>
					</item>
					<item id="15">
						<label>force add custom skins</label>
                        <onclick>Dialog.Close(2185)</onclick>
                        <onclick>RunScript(special://masterprofile/smashing/smashingfavourites/scripts/skinedits/addcustomskindialogs.py, force)</onclick>
                        <visible>true</visible>
					</item>
					<item id="16">
						<label>update local custom skin files</label>
                        <onclick>Dialog.Close(2185)</onclick>
                        <onclick>RunScript(special://masterprofile/smashing/smashingfavourites/scripts/skinedits/updatelocal.py)</onclick>
                        <visible>true</visible>
					</item>
				</content>
			</control>
			<control type="label">
				<description>Page label</description>
				<right>45</right>
				<top>1005</top>
				<width>525</width>
				<height>45</height>
				<align>right</align>
				<aligny>center</aligny>
				<font>font12</font>
				<textcolor>grey</textcolor>
	            <label>[COLOR white]$INFO[Container(450).NumItems] items   -   Page $INFO[Container(450).CurrentPage] of $INFO[Container(450).NumPages]  [/COLOR]</label>
			</control>    <!--  -->
		</control>
	</controls>
</window>
