<?xml version="1.0" encoding="UTF-8"?> <!-- Custom.smashing.alloptions2151.xml for conf1080 -->
<window type="dialog" id="2151">	<!--  -->
	<defaultcontrol always="true">450</defaultcontrol>
		<onload>XBMC.Action(FirstPage)</onload><!-- <onload>SetFocus(450,0)</onload><!-- jump to the top of the list - alternative is <onclick>SetFocus(0)</onclick> as first action -->
	<coordinates>
		<left>0</left>
		<top>0</top>
	</coordinates>
	<controls>
		<control type="group">
			<depth>DepthSideBlade</depth>
			<animation effect="slide" start="600,0" end="0,0" time="300" tween="quadratic" easing="out">WindowOpen</animation>
			<animation effect="slide" start="0,0" end="600,0" time="300" tween="quadratic" easing="out">WindowClose</animation>
			<control type="image">
				<left>500r</left>		<!-- was 600r -->
				<top>0</top>
				<width>630</width>
				<height>1080</height>    <!--Background colour - shorten and bottom becomes transparent  -->
				<texture border="22,0,0,0" flipx="true">smashingHomeBladeSub.png</texture>
			</control>
			<control type="image">
				<left>425r</left>		<!-- was 555r -->
				<top>0</top>			<!-- default 45 - lost mouse button -->
				<width>300</width>
				<height>250</height>	<!-- default 300 -->
				<aspectratio align="center">keep</aspectratio>
				<fadetime>IconCrossfadeTime</fadetime>
				<texture>special://masterprofile/smashing/smashingfavourites/icons/alloptions.png</texture>		<!-- put icon here --> <!--  <texture>$INFO[Container(450).ListItem.Icon]</texture> if separate icons -->
				<bordertexture border="12">smashingThumbShadow.png</bordertexture>
				<bordersize>12</bordersize>
			</control>
			<control type="list" id="450">
				<left>485r</left>	<!-- was 585r -->
				<top>250</top>		<!-- Default 375 - reduce and list moves up-->
				<width>575</width>	<!-- was 675 -->
				<height>700</height>	<!-- Default is 570 - reduce and  see less entries, increase see more-->
				<onup>450</onup>
				<onleft>Dialog.Close(2151)</onleft>
				<onright>450</onright>
				<ondown>450</ondown>
				<pagecontrol></pagecontrol>
				<scrolltime>200</scrolltime>
				<itemlayout height="60">
					<control type="image">
						<left>0</left>
						<top>0</top>
						<width>555</width>
						<height>60</height>
						<texture border="8">smashingbutton-nofocus.png</texture>
					</control>
					<control type="label">
						<left>15</left>
						<top>0</top>
						<width>525</width>
						<height>60</height>
						<font>font12_title</font>
						<align>left</align>
						<aligny>center</aligny>
						<selectedcolor>selected</selectedcolor>
						<info>ListItem.Label</info>
					</control>
				</itemlayout>
				<focusedlayout height="60">
					<control type="image">
						<left>0</left>
						<top>0</top>
						<width>555</width>
						<height>60</height>
						<visible>!Control.HasFocus(450)</visible>
						<texture border="4">smashingbutton-nofocus.png</texture>
					</control>
					<control type="image">
						<left>0</left>
						<top>0</top>
						<width>555</width>
						<height>60</height>
						<visible>Control.HasFocus(450)</visible>
						<texture border="4">smashingbutton-focus.png</texture>
					</control>
					<control type="label">
						<left>15</left>
						<top>0</top>
						<width>525</width>
						<height>60</height>
						<font>font12_title</font>
						<align>left</align>
						<aligny>center</aligny>
						<selectedcolor>selected</selectedcolor>
						<info>ListItem.Label</info>
					</control>
				</focusedlayout>
				<content>
					<item id="1">
						<label>Previous Menu</label>
                        <onclick>RunScript(special://userdata/smashing/smashingfavourites/scripts/automatedscripts/opendialog.py, back)</onclick>
                        <visible>true</visible>
					</item>
					<item id="2">
						<label>Choose Less</label>
                        <onclick>Dialog.Close(2151)</onclick>
                        <onclick>RunScript(special://userdata/smashing/smashingfavourites/scripts/automatedscripts/opendialog.py, 2154)</onclick>
                        <visible>true</visible>
					</item>
					<item id="3">
						<label>Actors</label>
                        <onclick>Dialog.Close(2151)</onclick>
                        <onclick>RunScript(special://userdata/smashing/smashingfavourites/scripts/automatedscripts/opendialog.py, 2150)</onclick>
                        <visible>true</visible>
					</item>
					<item id="4">
						<label>Advanced Settings</label>
                        <onclick>Dialog.Close(2151)</onclick>
                        <onclick>RunScript(special://userdata/smashing/smashingfavourites/scripts/automatedscripts/opendialog.py, 2174)</onclick>
                        <visible>true</visible>
					</item>
					<item id="5">
						<label>Audio</label>
                        <onclick>Dialog.Close(2151)</onclick>
                        <onclick>RunScript(special://userdata/smashing/smashingfavourites/scripts/automatedscripts/opendialog.py, 2152)</onclick>
                        <visible>true</visible>
					</item>
					<item id="6">
						<label>Backup</label>
                        <onclick>Dialog.Close(2151)</onclick>
                        <onclick>RunScript(special://userdata/smashing/smashingfavourites/scripts/automatedscripts/opendialog.py, 2153)</onclick>
                        <visible>true</visible>
					</item>
					<item id="7">
						<label>Edit Addons</label>
                        <onclick>Dialog.Close(2151)</onclick>
                        <onclick>RunScript(special://userdata/smashing/smashingfavourites/scripts/automatedscripts/opendialog.py, 2176)</onclick>
                        <visible>true</visible>
					</item>
					<item id="8">
						<label>General Favourites</label>
                        <onclick>Dialog.Close(2151)</onclick>
                        <onclick>RunScript(special://userdata/smashing/smashingfavourites/scripts/automatedscripts/opendialog.py, 2155)</onclick>
                        <visible>true</visible>
					</item>
					<item id="9">
						<label>Install</label>
                        <onclick>Dialog.Close(2151)</onclick>
                        <onclick>RunScript(special://userdata/smashing/smashingfavourites/scripts/automatedscripts/opendialog.py, 2156)</onclick>
                        <visible>true</visible>
					</item>
					<item id="10">
						<label>Keymaps</label>
                        <onclick>Dialog.Close(2151)</onclick>
                        <onclick>RunScript(special://userdata/smashing/smashingfavourites/scripts/automatedscripts/opendialog.py, 2157)</onclick>
                        <visible>true</visible>
					</item>
					<item id="11">
						<label>Kodi Functions</label>
                        <onclick>Dialog.Close(2151)</onclick>
                        <onclick>RunScript(special://userdata/smashing/smashingfavourites/scripts/automatedscripts/opendialog.py, 2158)</onclick>
                        <visible>true</visible>
					</item>
					<item id="12">
						<label>Leia Default</label>
                        <onclick>Dialog.Close(2151)</onclick>
                        <onclick>RunScript(special://userdata/smashing/smashingfavourites/scripts/automatedscripts/opendialog.py, 2185)</onclick>
                        <visible>true</visible>
					</item>
					<item id="13">
						<label>Letters</label>
                        <onclick>Dialog.Close(2151)</onclick>
                        <onclick>RunScript(special://userdata/smashing/smashingfavourites/scripts/automatedscripts/opendialog.py, 2159)</onclick>
                        <visible>true</visible>
					</item>
					<item id="14">
						<label>Libreelec PC scripts</label>
                        <onclick>Dialog.Close(2151)</onclick>
                        <onclick>RunScript(special://userdata/smashing/smashingfavourites/scripts/automatedscripts/opendialog.py, 2160)</onclick>
                        <visible>true</visible>
					</item>
					<item id="15">
						<label>Music</label>
                        <onclick>Dialog.Close(2151)</onclick>
                        <onclick>RunScript(special://userdata/smashing/smashingfavourites/scripts/automatedscripts/opendialog.py, 2161)</onclick>
                        <visible>true</visible>
					</item>
					<item id="16">
						<label>Open Windows</label>
                        <onclick>Dialog.Close(2151)</onclick>
                        <onclick>RunScript(special://userdata/smashing/smashingfavourites/scripts/automatedscripts/opendialog.py, 2178)</onclick>
                        <visible>true</visible>
					</item>
					<item id="17">
						<label>Playlists</label>
                        <onclick>Dialog.Close(2151)</onclick>
                        <onclick>RunScript(special://userdata/smashing/smashingfavourites/scripts/automatedscripts/opendialog.py, 2162)</onclick>
                        <visible>true</visible>
					</item>
					<item id="18">
						<label>Power</label>
                        <onclick>Dialog.Close(2151)</onclick>
                        <onclick>RunScript(special://userdata/smashing/smashingfavourites/scripts/automatedscripts/opendialog.py, 2163)</onclick>
                        <visible>true</visible>
					</item>
					<item id="19">
						<label>Radio</label>
                        <onclick>Dialog.Close(2151)</onclick>
                        <onclick>RunScript(special://userdata/smashing/smashingfavourites/scripts/automatedscripts/opendialog.py, 2164)</onclick>
                        <visible>true</visible>
					</item>
					<item id="20">
						<label>Resume Playback</label>
                        <onclick>Dialog.Close(2151)</onclick>
                        <onclick>RunScript(special://userdata/smashing/smashingfavourites/scripts/automatedscripts/opendialog.py, 2183)</onclick>
                        <visible>true</visible>
					</item>
					<item id="21">
						<label>Rsync</label>
                        <onclick>Dialog.Close(2151)</onclick>
                        <onclick>RunScript(special://userdata/smashing/smashingfavourites/scripts/automatedscripts/opendialog.py, 2165)</onclick>
                        <visible>true</visible>
					</item>
					<item id="22">
						<label>Shell scripts</label>
                        <onclick>Dialog.Close(2151)</onclick>
                        <onclick>RunScript(special://userdata/smashing/smashingfavourites/scripts/automatedscripts/opendialog.py, 2173)</onclick>
                        <visible>true</visible>
					</item>
					<item id="23">
						<label>Skin Edits</label>
                        <onclick>Dialog.Close(2151)</onclick>
                        <onclick>RunScript(special://userdata/smashing/smashingfavourites/scripts/automatedscripts/opendialog.py, 2175)</onclick>
                        <visible>true</visible>
					</item>
					<item id="24">
						<label>Skins</label>
                        <onclick>Dialog.Close(2151)</onclick>
                        <onclick>RunScript(special://userdata/smashing/smashingfavourites/scripts/automatedscripts/opendialog.py, 2166)</onclick>
                        <visible>true</visible>
					</item>
					<item id="25">
						<label>Switch addon data</label>
                        <onclick>Dialog.Close(2151)</onclick>
                        <onclick>RunScript(special://userdata/smashing/smashingfavourites/scripts/automatedscripts/opendialog.py, 2177)</onclick>
                        <visible>true</visible>
					</item>
					<item id="26">
						<label>Test scripts</label>
                        <onclick>Dialog.Close(2151)</onclick>
                        <onclick>RunScript(special://userdata/smashing/smashingfavourites/scripts/automatedscripts/opendialog.py, 2167)</onclick>
                        <visible>true</visible>
					</item>
					<item id="27">
						<label>Test Shell scripts</label>
                        <onclick>Dialog.Close(2151)</onclick>
                        <onclick>RunScript(special://userdata/smashing/smashingfavourites/scripts/automatedscripts/opendialog.py, 2168)</onclick>
                        <visible>true</visible>
					</item>
					<item id="28">
						<label>TV</label>
                        <onclick>Dialog.Close(2151)</onclick>
                        <onclick>RunScript(special://userdata/smashing/smashingfavourites/scripts/automatedscripts/opendialog.py, 2169)</onclick>
                        <visible>true</visible>
					</item>
					<item id="29">
						<label>Utilities</label>
                        <onclick>Dialog.Close(2151)</onclick>
                        <onclick>RunScript(special://userdata/smashing/smashingfavourites/scripts/automatedscripts/opendialog.py, 2170)</onclick>
                        <visible>true</visible>
					</item>
					<item id="30">
						<label>vpn scripts</label>
                        <onclick>Dialog.Close(2151)</onclick>
                        <onclick>RunScript(special://userdata/smashing/smashingfavourites/scripts/automatedscripts/opendialog.py, 2184)</onclick>
                        <visible>true</visible>
					</item>
					<item id="31">
						<label>Xonfluence</label>
                        <onclick>Dialog.Close(2151)</onclick>
                        <onclick>RunScript(special://userdata/smashing/smashingfavourites/scripts/automatedscripts/opendialog.py, 2171)</onclick>
                        <visible>true</visible>
					</item>
				</content>
			</control>
			<control type="label">
				<description>Page label</description>
				<right>45</right>
				<top>1005</top>
				<width>525</width>
				<height>45</height>
				<align>right</align>
				<aligny>center</aligny>
				<font>font12</font>
				<textcolor>grey</textcolor>
	            <label>[COLOR white]$INFO[Container(450).NumItems] items   -   Page $INFO[Container(450).CurrentPage] of $INFO[Container(450).NumPages]  [/COLOR]</label>
			</control>    <!--  -->
		</control>
	</controls>
</window>
