<?xml version="1.0" encoding="UTF-8"?>
<!--	<window type="buttonMenu">	-->
<window type="dialog" id="2199">	<!-- new -->
    <defaultcontrol>9001</defaultcontrol>
    <include>dialogeffect</include>
    <coordinates>
        <left>0</left>
        <top>0</top>
    </coordinates>
    <include>dialogeffect</include>
    <depth>DepthDialog+</depth>
    <controls>
        <control type="button" id="9001">
            <description>Make sure we hit the first button in the group list and not the close window button</description>
            <left>-24</left>
            <top>-24</top>
            <width>6</width>
            <height>6</height>
            <label></label>
            <font></font>
            <onfocus>down</onfocus>
            <texturefocus></texturefocus>
            <texturenofocus></texturenofocus>
            <onleft>9000</onleft>
            <onright>9000</onright>
            <onup>9000</onup>
            <ondown>2</ondown>
        </control>
        <control type="image">
            <left>0</left>
            <top>0</top>
            <width>1920</width>
            <height>1080</height>
            <texture>black-back.png</texture>
        </control>
        <control type="grouplist" id="9000">
            <left>705</left>
            <top>0</top>
            <width>510</width>
            <height>1080</height>
            <onleft>9000</onleft>
            <onright>9000</onright>
            <onup>9000</onup>
            <ondown>9000</ondown>
            <itemgap>0</itemgap>
            <align>center</align>
            <control type="group" id="1">
                <width>510</width>
                <height>45</height>
                <control type="image">
                    <description>background top image</description>
                    <left>0</left>
                    <top>0</top>
                    <width>510</width>
                    <height>45</height>
                    <texture border="20,19,20,0">$VAR[DialogPath]DialogContextTop.png</texture>
                </control>
                <control type="button" id="100">
                    <description>Close Window button</description>
                    <left>390</left>
                    <top>8</top>
                    <onclick>PreviousMenu</onclick>
                    <include>DialogCloseButton</include>
                    <onleft>2</onleft>
                    <onright>11</onright> <!-- point to last menu entry -->
                    <onup>11</onup> <!-- point to last menu entry -->
                    <ondown>2</ondown>
                </control>
            </control>
            <control type="group" id="2">
                <width>510</width>
                <height>60</height>
				<visible>System.HasAddon(service.libreelec.settings)</visible>
                <control type="image">
                    <description>background image</description>
                    <left>0</left>
                    <top>0</top>
                    <width>510</width>
                    <height>60</height>
                    <texture border="25,5,25,5">$VAR[DialogPath]DialogContextMiddle.png</texture>
                </control>
                <control type="button" id="200">
					<description>Libreelec settings button</description>
                    <left>27</left>
                    <top>0</top>
                    <width>456</width>
                    <height>60</height>
                    <onleft>3</onleft>
                    <onright>1</onright>
                    <onup>1</onup>
                    <ondown>3</ondown>
                    <textcolor>grey2</textcolor>
                    <focusedcolor>white</focusedcolor>
                    <align>center</align>
                    <textwidth>435</textwidth>
 					<onclick>dialog.close(2185)</onclick>
					<onclick>RunScript(service.libreelec.settings)</onclick>
                    <pulseonselect>no</pulseonselect>
                    <font>font13</font>
                    <label>Libreelec settings</label>
                </control>
            </control>
            <control type="group" id="3">
                <width>510</width>
                <height>60</height>
				<visible>System.HasAddon(service.coreelec.settings)</visible>
                <control type="image">
                    <description>background image</description>
                    <left>0</left>
                    <top>0</top>
                    <width>510</width>
                    <height>60</height>
                    <texture border="25,5,25,5">$VAR[DialogPath]DialogContextMiddle.png</texture>
                </control>
                <control type="button" id="300">
					<description>Coreelec settings button</description>
                    <left>27</left>
                    <top>0</top>
                    <width>456</width>
                    <height>60</height>
                    <onleft>4</onleft>
                    <onright>2</onright>
                    <onup>2</onup>
                    <ondown>4</ondown>
                    <textcolor>grey2</textcolor>
                    <focusedcolor>white</focusedcolor>
                    <align>center</align>
                    <textwidth>435</textwidth>
 					<onclick>dialog.close(2185)</onclick>
					<onclick>RunScript(service.coreelec.settings)</onclick>
                    <pulseonselect>no</pulseonselect>
                    <font>font13</font>
                    <label>Coreelec settings</label>
                </control>
            </control>
 			<control type="group" id="4"> <!-- skinsettings -->
				<width>510</width>
				<height>60</height>
				<control type="image">
					<description>background image</description>
					<left>0</left>
					<top>0</top>
					<width>510</width>
					<height>60</height>
					<texture border="25,5,25,5">DialogContextMiddle.png</texture>
				</control>
				<control type="button" id="400">
					<description>Skin Settings button</description>
					<left>27</left>
					<top>0</top>
					<width>456</width>
					<height>60</height>
					<onleft>5</onleft>
					<onright>3</onright>
					<onup>3</onup><!-- changed when changed position - points to previous menu item -->
					<ondown>5</ondown><!-- changed when changed position - points to next menu item -->
					<textcolor>grey2</textcolor>
					<focusedcolor>white</focusedcolor>
					<align>center</align>
					<textwidth>435</textwidth>
					<include>NormalButton1</include>
 					<onclick>dialog.close(2185)</onclick>
					<onclick>ActivateWindow(SkinSettings),return</onclick>
					<pulseonselect>no</pulseonselect>
					<font>font13</font>
					<label>$LOCALIZE[166] $LOCALIZE[5]</label>
				</control>
			</control>
			<control type="group" id="5"><!-- skin change -->
				<width>510</width>
				<height>60</height>
				<control type="image">
					<description>background image</description>
					<left>0</left>
					<top>0</top>
					<width>510</width>
					<height>60</height>
					<texture border="25,5,25,5">DialogContextMiddle.png</texture>
				</control>
				<control type="button" id="500">
					<description>Skin change button</description>
					<left>27</left>
					<top>0</top>
					<width>456</width>
					<height>60</height>
					<onleft>6</onleft>
					<onright>4</onright>
					<onup>4</onup>
					<ondown>6</ondown>
					<textcolor>grey2</textcolor>
					<focusedcolor>white</focusedcolor>
					<align>center</align>
					<textwidth>435</textwidth>
					<include>NormalButton1</include>
 					<onclick>dialog.close(2185)</onclick>
					<onclick>RunScript(special://userdata/smashing/smashingfavourites/scripts/automatedscripts/opendialog.py, 2166)</onclick>
					<pulseonselect>no</pulseonselect>
					<font>font13</font>
					<label>Switch Skin</label>
				</control>
			</control>
			<control type="group" id="6"><!-- reload skin -->
				<width>510</width>
				<height>60</height>
				<control type="image">
					<description>background image</description>
					<left>0</left>
					<top>0</top>
					<width>510</width>
					<height>60</height>
					<texture border="25,5,25,5">DialogContextMiddle.png</texture>
				</control>
				<control type="button" id="600">
					<description>Skin reload button</description>
					<left>27</left>
					<top>0</top>
					<width>456</width>
					<height>60</height>
					<onleft>7</onleft>
					<onright>5</onright>
					<onup>5</onup>
					<ondown>7</ondown>
					<textcolor>grey2</textcolor>
					<focusedcolor>white</focusedcolor>
					<align>center</align>
					<textwidth>435</textwidth>
					<include>NormalButton1</include>
 					<onclick>dialog.close(2185)</onclick>
					<onclick>XBMC.ReloadSkin()</onclick>
					<pulseonselect>no</pulseonselect>
					<font>font13</font>
					<label>Reload Skin</label>
				</control>
			</control>
			<control type="group" id="7"><!-- reload keymaps -->
				<width>510</width>
				<height>60</height>
				<control type="image">
					<description>background image</description>
					<left>0</left>
					<top>0</top>
					<width>510</width>
					<height>60</height>
					<texture border="25,5,25,5">DialogContextMiddle.png</texture>
				</control>
				<control type="button" id="700">
					<description>Keymaps reload button</description>
					<left>27</left>
					<top>0</top>
					<width>456</width>
					<height>60</height>
					<onleft>8</onleft>
					<onright>6</onright>
					<onup>6</onup>
					<ondown>8</ondown>
					<textcolor>grey2</textcolor>
					<focusedcolor>white</focusedcolor>
					<align>center</align>
					<textwidth>435</textwidth>
					<include>NormalButton1</include>
 					<onclick>dialog.close(2185)</onclick>
					<onclick>RunScript(special://masterprofile/smashing/smashingfavourites/scripts/keymaps/reloadkeymaps.py)</onclick>
					<pulseonselect>no</pulseonselect>
					<font>font13</font>
					<label>Reload Keymaps</label>
				</control>
			</control>
			<control type="group" id="8"><!-- reset pvr -->
				<width>510</width>
				<height>60</height>
				<control type="image">
					<description>background image</description>
					<left>0</left>
					<top>0</top>
					<width>510</width>
					<height>60</height>
					<texture border="25,5,25,5">DialogContextMiddle.png</texture>
				</control>
				<control type="button" id="800">
					<description>reset PVR button</description>
					<left>27</left>
					<top>0</top>
					<width>456</width>
					<height>60</height>
					<onleft>9</onleft>
					<onright>7</onright>
					<onup>7</onup>
					<ondown>9</ondown>
					<textcolor>grey2</textcolor>
					<focusedcolor>white</focusedcolor>
					<align>center</align>
					<textwidth>435</textwidth>
					<include>NormalButton1</include>
 					<onclick>dialog.close(2185)</onclick>
					<onclick>RunScript(special://masterprofile/smashing/smashingfavourites/scripts/tvscripts/smashingstartpvr.py, cleardb)</onclick>
					<pulseonselect>no</pulseonselect>
					<font>font13</font>
					<label>Reset PVR</label>
				</control>
			</control>
			<control type="group" id="9"><!-- add custom skin dialogs -->
				<width>510</width>
				<height>60</height>			
				<control type="image">
					<description>background image</description>
					<left>0</left>
					<top>0</top>
					<width>510</width>
					<height>60</height>
					<texture border="25,5,25,5">DialogContextMiddle.png</texture>
				</control>
				<control type="button" id="900">
					<description>Add custom skin dialogs button</description>
					<left>27</left>
					<top>0</top>
					<width>456</width>
					<height>60</height>
					<onleft>10</onleft>
					<onright>8</onright>
					<onup>8</onup>
					<ondown>10</ondown>
					<textcolor>grey2</textcolor>
					<focusedcolor>white</focusedcolor>
					<align>center</align>
					<textwidth>435</textwidth>
					<include>NormalButton1</include>
 					<onclick>dialog.close(all,true)</onclick>
					<onclick>RunScript(special://masterprofile/smashing/smashingfavourites/scripts/skinedits/buildcustomskindialogs.py, force, updateallskins)</onclick>
					<pulseonselect>no</pulseonselect>
					<font>font13</font>
					<label>Add custom dialogs</label>
				</control>
			</control>
			<control type="group" id="10"><!-- open custom skin dialogs -->
				<width>510</width>
				<height>60</height>			
				<control type="image">
					<description>background image</description>
					<left>0</left>
					<top>0</top>
					<width>510</width>
					<height>60</height>
					<texture border="25,5,25,5">DialogContextMiddle.png</texture>
				</control>
				<control type="button" id="1000">
					<description>Open custom skin dialogs button</description>
					<left>27</left>
					<top>0</top>
					<width>456</width>
					<height>60</height>
					<onleft>2</onleft>
					<onright>9</onright>
					<onup>9</onup>
					<ondown>2</ondown>
					<textcolor>grey2</textcolor>
					<focusedcolor>white</focusedcolor>
					<align>center</align>
					<textwidth>435</textwidth>
					<include>NormalButton1</include>
 					<onclick>dialog.close(all,true)</onclick>
					<onclick>RunScript(special://userdata/smashing/smashingfavourites/scripts/automatedscripts/opendialog.py, 2151)</onclick>
					<pulseonselect>no</pulseonselect>
					<font>font13</font>
					<label>Open custom dialogs</label>
				</control>
			</control>
			<control type="image" id="11"><!-- bottom image -->
                <description>background bottom image</description>
                <left>0</left>
                <width>510</width>
                <height>38</height>
                <texture border="20,0,19,20">$VAR[DialogPath]DialogContextBottom.png</texture>
            </control>
        </control>
    </controls>
</window>
