<?xml version="1.0" encoding="UTF-8" standalone="yes"?>
<addon id="service.me.arguments"
       name="My arguments service"
       version="0.0.1"
       provider-name="me">
  <requires>
    <import addon="xbmc.python" version="2.14.0"/>
  </requires>
  <extension point="xbmc.service" library="service.py" start="login"/>
  <extension point="xbmc.python.script" library="default.py" />
  <extension point="xbmc.addon.metadata">
    <platform>all</platform>
    <summary>Checks for arguments set via text file</summary>
    <description>Checks for arguments set via text file</description>
  </extension>
</addon>
