<?xml version="1.0" encoding="UTF-8" standalone="yes"?>
<addon id="script.me.smashingsync"
    name="my smashingsync script"
    version="1.0.0"
    provider-name="Me">
    <requires>
        <import addon="xbmc.python" version="2.14.0" />
    </requires>
    <extension point="xbmc.python.script" library="default.py" />
    <extension point="xbmc.addon.metadata">
        <summary lang="en">Syncs stuff from smashing to and from userdata.  Hopefully.</summary>
        <platform>all</platform>
    </extension>
</addon>