<?xml version="1.0" encoding="UTF-8" standalone="yes"?>
<addon id="repository.smashing" name="my smashing repo" version="0.0.1" provider-name="Me">
	<extension point="xbmc.addon.repository" name="my smashing repo">
		<dir>
		<info compressed="false">https://raw.githubusercontent.com/monthou66/repository.smashing/master/zips/addons.xml</info>
		<checksum>https://raw.githubusercontent.com/monthou66/repository.smashing/master/zips/addons.xml.md5</checksum>
		<datadir zip="true">https://raw.githubusercontent.com/monthou66/repository.smashing/master/zips/</datadir>
		</dir>
	</extension>
	<extension point="xbmc.addon.metadata">
		<summary lang="en">smashing</summary>
		<description lang="en">really smashing</description>
		<genre>uk</genre>
	</extension>
</addon>