<?xml version="1.0" encoding="UTF-8" standalone="yes"?>
<addon id="script.me.runscript"
       name="My script runner"
       version="0.0.1"
       provider-name="me">
  <requires>
    <import addon="xbmc.python" version="2.14.0"/>
  </requires>
  <extension point="xbmc.python.script" library="default.py" />
  <extension point="xbmc.addon.metadata">
    <platform>all</platform>
    <summary>Browse to and run python scripts with optional arguments</summary>
    <description>Browse to and run python scripts with optional arguments</description>
    <source></source>
  </extension>
</addon>
