<?xml version="1.0" encoding="UTF-8"?> <!-- Custom.smashing.letters2159.xml for conf1080 -->
<window type="dialog" id="2159">	<!--  -->
	<defaultcontrol always="true">450</defaultcontrol>
		<onload>XBMC.Action(FirstPage)</onload><!-- <onload>SetFocus(450,0)</onload><!-- jump to the top of the list - alternative is <onclick>SetFocus(0)</onclick> as first action -->
	<coordinates>
		<left>0</left>
		<top>0</top>
	</coordinates>
	<controls>
		<control type="group">
			<depth>DepthSideBlade</depth>
			<animation effect="slide" start="600,0" end="0,0" time="300" tween="quadratic" easing="out">WindowOpen</animation>
			<animation effect="slide" start="0,0" end="600,0" time="300" tween="quadratic" easing="out">WindowClose</animation>
			<control type="image">
				<left>500r</left>		<!-- was 600r -->
				<top>0</top>
				<width>630</width>
				<height>1080</height>    <!--Background colour - shorten and bottom becomes transparent  -->
				<texture border="22,0,0,0" flipx="true">smashingHomeBladeSub.png</texture>
			</control>
			<control type="image">
				<left>425r</left>		<!-- was 555r -->
				<top>0</top>			<!-- default 45 - lost mouse button -->
				<width>300</width>
				<height>250</height>	<!-- default 300 -->
				<aspectratio align="center">keep</aspectratio>
				<fadetime>IconCrossfadeTime</fadetime>
				<texture>special://masterprofile/smashing/smashingfavourites/icons/letters.png</texture>		<!-- put icon here --> <!--  <texture>$INFO[Container(450).ListItem.Icon]</texture> if separate icons -->
				<bordertexture border="12">smashingThumbShadow.png</bordertexture>
				<bordersize>12</bordersize>
			</control>
			<control type="list" id="450">
				<left>485r</left>	<!-- was 585r -->
				<top>250</top>		<!-- Default 375 - reduce and list moves up-->
				<width>575</width>	<!-- was 675 -->
				<height>700</height>	<!-- Default is 570 - reduce and  see less entries, increase see more-->
				<onup>450</onup>
				<onleft>Dialog.Close(2159)</onleft>
				<onright>450</onright>
				<ondown>450</ondown>
				<pagecontrol></pagecontrol>
				<scrolltime>200</scrolltime>
				<itemlayout height="60">
					<control type="image">
						<left>0</left>
						<top>0</top>
						<width>555</width>
						<height>60</height>
						<texture border="8">smashingbutton-nofocus.png</texture>
					</control>
					<control type="label">
						<left>15</left>
						<top>0</top>
						<width>525</width>
						<height>60</height>
						<font>font12_title</font>
						<align>left</align>
						<aligny>center</aligny>
						<selectedcolor>selected</selectedcolor>
						<info>ListItem.Label</info>
					</control>
				</itemlayout>
				<focusedlayout height="60">
					<control type="image">
						<left>0</left>
						<top>0</top>
						<width>555</width>
						<height>60</height>
						<visible>!Control.HasFocus(450)</visible>
						<texture border="4">smashingbutton-nofocus.png</texture>
					</control>
					<control type="image">
						<left>0</left>
						<top>0</top>
						<width>555</width>
						<height>60</height>
						<visible>Control.HasFocus(450)</visible>
						<texture border="4">smashingbutton-focus.png</texture>
					</control>
					<control type="label">
						<left>15</left>
						<top>0</top>
						<width>525</width>
						<height>60</height>
						<font>font12_title</font>
						<align>left</align>
						<aligny>center</aligny>
						<selectedcolor>selected</selectedcolor>
						<info>ListItem.Label</info>
					</control>
				</focusedlayout>
				<content>
					<item id="1">
						<label>Previous Menu</label>
                        <onclick>RunScript(special://userdata/smashing/smashingfavourites/scripts/automatedscripts/opendialog.py, back)</onclick>
                        <visible>true</visible>
					</item>
					<item id="2">
						<label>Choose More</label>
                        <onclick>Dialog.Close(2159)</onclick>
                        <onclick>RunScript(special://userdata/smashing/smashingfavourites/scripts/automatedscripts/opendialog.py, 2154)</onclick>
                        <visible>true</visible>
					</item>
					<item id="3">
						<label>Top</label>
                        <onclick>Dialog.Close(2159)</onclick>
                        <onclick>RunScript(special://masterprofile/smashing/smashingfavourites/scripts/letters/smashingletters.py,Top)</onclick>
                        <visible>true</visible>
					</item>
					<item id="4">
						<label>Next Letter</label>
                        <onclick>Dialog.Close(2159)</onclick>
                        <onclick>RunScript(special://masterprofile/smashing/smashingfavourites/scripts/letters/smashingletters.py,skinNext Letter)</onclick>
                        <visible>true</visible>
					</item>
					<item id="5">
						<label>Previous Letter</label>
                        <onclick>Dialog.Close(2159)</onclick>
                        <onclick>RunScript(special://masterprofile/smashing/smashingfavourites/scripts/letters/smashingletters.py,skinPrevious Letter)</onclick>
                        <visible>true</visible>
					</item>
					<item id="6">
						<label>A</label>
                        <onclick>Dialog.Close(2159)</onclick>
                        <onclick>RunScript(special://masterprofile/smashing/smashingfavourites/scripts/letters/smashingletters.py,A)</onclick>
                        <visible>true</visible>
					</item>
					<item id="7">
						<label>B</label>
                        <onclick>Dialog.Close(2159)</onclick>
                        <onclick>RunScript(special://masterprofile/smashing/smashingfavourites/scripts/letters/smashingletters.py,B)</onclick>
                        <visible>true</visible>
					</item>
					<item id="8">
						<label>C</label>
                        <onclick>Dialog.Close(2159)</onclick>
                        <onclick>RunScript(special://masterprofile/smashing/smashingfavourites/scripts/letters/smashingletters.py,C)</onclick>
                        <visible>true</visible>
					</item>
					<item id="9">
						<label>D</label>
                        <onclick>Dialog.Close(2159)</onclick>
                        <onclick>RunScript(special://masterprofile/smashing/smashingfavourites/scripts/letters/smashingletters.py,D)</onclick>
                        <visible>true</visible>
					</item>
					<item id="10">
						<label>E</label>
                        <onclick>Dialog.Close(2159)</onclick>
                        <onclick>RunScript(special://masterprofile/smashing/smashingfavourites/scripts/letters/smashingletters.py,E)</onclick>
                        <visible>true</visible>
					</item>
					<item id="11">
						<label>F</label>
                        <onclick>Dialog.Close(2159)</onclick>
                        <onclick>RunScript(special://masterprofile/smashing/smashingfavourites/scripts/letters/smashingletters.py,F)</onclick>
                        <visible>true</visible>
					</item>
					<item id="12">
						<label>G</label>
                        <onclick>Dialog.Close(2159)</onclick>
                        <onclick>RunScript(special://masterprofile/smashing/smashingfavourites/scripts/letters/smashingletters.py,G)</onclick>
                        <visible>true</visible>
					</item>
					<item id="13">
						<label>H</label>
                        <onclick>Dialog.Close(2159)</onclick>
                        <onclick>RunScript(special://masterprofile/smashing/smashingfavourites/scripts/letters/smashingletters.py,H)</onclick>
                        <visible>true</visible>
					</item>
					<item id="14">
						<label>I</label>
                        <onclick>Dialog.Close(2159)</onclick>
                        <onclick>RunScript(special://masterprofile/smashing/smashingfavourites/scripts/letters/smashingletters.py,I)</onclick>
                        <visible>true</visible>
					</item>
					<item id="15">
						<label>J</label>
                        <onclick>Dialog.Close(2159)</onclick>
                        <onclick>RunScript(special://masterprofile/smashing/smashingfavourites/scripts/letters/smashingletters.py,J)</onclick>
                        <visible>true</visible>
					</item>
					<item id="16">
						<label>K</label>
                        <onclick>Dialog.Close(2159)</onclick>
                        <onclick>RunScript(special://masterprofile/smashing/smashingfavourites/scripts/letters/smashingletters.py,K)</onclick>
                        <visible>true</visible>
					</item>
					<item id="17">
						<label>L</label>
                        <onclick>Dialog.Close(2159)</onclick>
                        <onclick>RunScript(special://masterprofile/smashing/smashingfavourites/scripts/letters/smashingletters.py,L)</onclick>
                        <visible>true</visible>
					</item>
					<item id="18">
						<label>M</label>
                        <onclick>Dialog.Close(2159)</onclick>
                        <onclick>RunScript(special://masterprofile/smashing/smashingfavourites/scripts/letters/smashingletters.py,M)</onclick>
                        <visible>true</visible>
					</item>
					<item id="19">
						<label>N</label>
                        <onclick>Dialog.Close(2159)</onclick>
                        <onclick>RunScript(special://masterprofile/smashing/smashingfavourites/scripts/letters/smashingletters.py,N)</onclick>
                        <visible>true</visible>
					</item>
					<item id="20">
						<label>O</label>
                        <onclick>Dialog.Close(2159)</onclick>
                        <onclick>RunScript(special://masterprofile/smashing/smashingfavourites/scripts/letters/smashingletters.py,O)</onclick>
                        <visible>true</visible>
					</item>
					<item id="21">
						<label>P</label>
                        <onclick>Dialog.Close(2159)</onclick>
                        <onclick>RunScript(special://masterprofile/smashing/smashingfavourites/scripts/letters/smashingletters.py,P)</onclick>
                        <visible>true</visible>
					</item>
					<item id="22">
						<label>Q</label>
                        <onclick>Dialog.Close(2159)</onclick>
                        <onclick>RunScript(special://masterprofile/smashing/smashingfavourites/scripts/letters/smashingletters.py,Q)</onclick>
                        <visible>true</visible>
					</item>
					<item id="23">
						<label>R</label>
                        <onclick>Dialog.Close(2159)</onclick>
                        <onclick>RunScript(special://masterprofile/smashing/smashingfavourites/scripts/letters/smashingletters.py,R)</onclick>
                        <visible>true</visible>
					</item>
					<item id="24">
						<label>S</label>
                        <onclick>Dialog.Close(2159)</onclick>
                        <onclick>RunScript(special://masterprofile/smashing/smashingfavourites/scripts/letters/smashingletters.py,S)</onclick>
                        <visible>true</visible>
					</item>
					<item id="25">
						<label>T</label>
                        <onclick>Dialog.Close(2159)</onclick>
                        <onclick>RunScript(special://masterprofile/smashing/smashingfavourites/scripts/letters/smashingletters.py,T)</onclick>
                        <visible>true</visible>
					</item>
					<item id="26">
						<label>U</label>
                        <onclick>Dialog.Close(2159)</onclick>
                        <onclick>RunScript(special://masterprofile/smashing/smashingfavourites/scripts/letters/smashingletters.py,U)</onclick>
                        <visible>true</visible>
					</item>
					<item id="27">
						<label>V</label>
                        <onclick>Dialog.Close(2159)</onclick>
                        <onclick>RunScript(special://masterprofile/smashing/smashingfavourites/scripts/letters/smashingletters.py,V)</onclick>
                        <visible>true</visible>
					</item>
					<item id="28">
						<label>W</label>
                        <onclick>Dialog.Close(2159)</onclick>
                        <onclick>RunScript(special://masterprofile/smashing/smashingfavourites/scripts/letters/smashingletters.py,W)</onclick>
                        <visible>true</visible>
					</item>
					<item id="29">
						<label>X</label>
                        <onclick>Dialog.Close(2159)</onclick>
                        <onclick>RunScript(special://masterprofile/smashing/smashingfavourites/scripts/letters/smashingletters.py,X)</onclick>
                        <visible>true</visible>
					</item>
					<item id="30">
						<label>Y</label>
                        <onclick>Dialog.Close(2159)</onclick>
                        <onclick>RunScript(special://masterprofile/smashing/smashingfavourites/scripts/letters/smashingletters.py,Y)</onclick>
                        <visible>true</visible>
					</item>
					<item id="31">
						<label>Z</label>
                        <onclick>Dialog.Close(2159)</onclick>
                        <onclick>RunScript(special://masterprofile/smashing/smashingfavourites/scripts/letters/smashingletters.py,Z)</onclick>
                        <visible>true</visible>
					</item>
					<item id="32">
						<label>Bottom</label>
                        <onclick>Dialog.Close(2159)</onclick>
                        <onclick>RunScript(special://masterprofile/smashing/smashingfavourites/scripts/letters/smashingletters.py,Bottom)</onclick>
                        <visible>true</visible>
					</item>
				</content>
			</control>
			<control type="label">
				<description>Page label</description>
				<right>45</right>
				<top>1005</top>
				<width>525</width>
				<height>45</height>
				<align>right</align>
				<aligny>center</aligny>
				<font>font12</font>
				<textcolor>grey</textcolor>
	            <label>[COLOR white]$INFO[Container(450).NumItems] items   -   Page $INFO[Container(450).CurrentPage] of $INFO[Container(450).NumPages]  [/COLOR]</label>
			</control>    <!--  -->
		</control>
	</controls>
</window>
